1,5767152,Inactive
2,644796,Active
3,645281,Inactive
4,646626,Active
5,646724,Active
6,647114,Inactive
7,647427,Active
8,91378,Inactive
9,118982,Inactive
10,648182,Inactive
11,648895,Active
12,54678158,Inactive
13,649614,Inactive
14,649840,Active
15,649849,Active
16,650707,Active
17,650829,Inactive
18,6858766,Inactive
19,653427,Inactive
20,654092,Active
21,654478,Active
22,6602552,Inactive
23,655586,Active
24,656185,Active
25,657501,Inactive
26,286532,Inactive
27,657553,Inactive
28,657803,Inactive
29,658028,Inactive
30,658378,Inactive
31,659499,Active
32,6885082,Active
33,659524,Inactive
34,1907983,Active
35,659663,Active
36,660058,Inactive
37,660935,Active
38,660939,Inactive
39,661082,Active
40,661151,Active
41,661535,Inactive
42,661897,Active
43,5389514,Inactive
44,5389617,Active
45,662965,Inactive
46,6603621,Active
47,663743,Inactive
48,6602808,Inactive
49,664340,Inactive
50,665289,Inactive
51,665346,Inactive
52,665742,Inactive
53,666341,Inactive
54,666358,Inactive
55,666941,Active
56,667046,Active
57,667201,Inactive
58,667316,Active
59,6603514,Active
60,2372914,Active
61,2099658,Inactive
62,2102349,Active
63,2998738,Active
64,2998797,Active
65,2083534,Active
66,736314,Active
67,2087459,Active
68,854805,Inactive
69,2371784,Inactive
70,756954,Inactive
71,3236608,Active
72,3237138,Inactive
73,1516852,Active
74,3238559,Active
75,3238641,Active
76,561049,Inactive
77,3239818,Inactive
78,3239950,Inactive
79,3240867,Inactive
80,3241020,Inactive
81,5286180,Inactive
82,2930407,Inactive
83,3241529,Active
84,3241587,Inactive
85,3241898,Inactive
86,5390937,Active
87,3242847,Active
88,3243514,Active
89,3243837,Inactive
90,3244032,Inactive
91,3244344,Active
92,3245634,Active
93,3245990,Active
94,972733,Active
95,2976511,Active
96,2200749,Active
97,972247,Inactive
98,892017,Active
99,976709,Active
100,1319216,Active
101,2950423,Active
102,2221957,Active
103,2214687,Inactive
104,973502,Active
105,781047,Active
106,892370,Active
107,2202737,Active
108,1288674,Inactive
109,768473,Inactive
110,900795,Active
111,972742,Active
112,584778,Active
113,1090694,Inactive
114,1519926,Inactive
115,2227937,Active
116,1082955,Inactive
117,2302047,Active
118,1314338,Inactive
119,224561,Active
120,5307115,Active
121,835162,Active
122,5307310,Active
123,5307507,Inactive
124,1518343,Active
125,4130356,Inactive
126,5307926,Active
127,5308704,Active
128,2818896,Active
129,2056741,Active
130,1267158,Active
131,1151859,Active
132,5309086,Active
133,5309110,Active
134,5309397,Inactive
135,891159,Active
136,5310149,Inactive
137,3702591,Active
138,866501,Active
139,975543,Active
140,4415120,Inactive
141,3240046,Active
142,4891818,Inactive
143,5310655,Inactive
144,2904443,Active
145,763882,Active
146,2927276,Active
147,886207,Inactive
148,2881752,Inactive
149,2920900,Inactive
150,2861884,Active
151,1749332,Active
152,698314,Active
153,1380879,Active
154,5876257,Inactive
155,7314627,Active
156,900971,Inactive
157,5384123,Inactive
158,1724248,Inactive
159,727658,Active
160,3102107,Inactive
161,3146836,Active
162,3102106,Inactive
163,784698,Active
164,1438102,Inactive
165,5731123,Inactive
166,774798,Active
167,778068,Active
168,864329,Active
169,1432125,Active
170,1082954,Inactive
171,1092907,Inactive
172,2194030,Inactive
173,3089037,Inactive
174,748350,Active
175,1163357,Inactive
176,3127253,Inactive
177,9549553,Active
178,5759185,Active
179,3147219,Active
180,3124490,Active
181,5731073,Inactive
182,1096383,Inactive
183,4766173,Active
184,4180831,Inactive
185,843415,Active
186,9499902,Active
187,4918195,Active
188,1715432,Active
189,3809580,Inactive
190,3785157,Inactive
191,9582024,Active
192,1472218,Active
193,6404548,Inactive
194,6404544,Inactive
195,1191331,Inactive
196,950649,Inactive
197,9550023,Inactive
198,1479274,Inactive
199,5919900,Inactive
200,1484340,Active
201,1484338,Active
202,5797751,Active
203,931134,Inactive
204,5715188,Active
205,893661,Inactive
206,891179,Inactive
207,2209095,Inactive
208,960954,Active
209,894181,Active
210,697592,Inactive
211,1314240,Inactive
212,838555,Active
213,5290861,Active
214,1336753,Active
215,739613,Active
216,2831451,Inactive
217,1312356,Inactive
218,4363979,Active
219,4054690,Inactive
220,54690469,Inactive
221,6404641,Inactive
222,9550470,Active
223,1518975,Inactive
224,894520,Active
225,4655086,Active
226,781112,Inactive
227,9550556,Inactive
228,82533,Active
229,1317387,Inactive
230,9550743,Active
231,9550750,Active
232,9550751,Active
233,9550752,Active
234,9647810,Active
235,934269,Active
236,2946220,Inactive
237,2249530,Active
238,5736472,Active
239,5290862,Active
240,5737580,Inactive
241,701066,Inactive
242,2129554,Active
243,1314336,Inactive
244,5362868,Inactive
245,6622623,Active
246,9550955,Active
247,1518979,Inactive
248,9550980,Active
249,4109389,Active
250,3357152,Active
251,9551422,Inactive
252,2923067,Active
253,348206,Inactive
254,2151844,Inactive
255,2287613,Inactive
256,977927,Active
257,1317357,Inactive
258,3812720,Active
259,6895734,Active
260,2872147,Inactive
261,9551708,Active
262,818740,Active
263,948464,Inactive
264,3775080,Active
265,3159504,Active
266,5421124,Active
267,3781338,Inactive
268,818737,Active
269,1988521,Inactive
270,2035866,Active
271,2027229,Active
272,3301343,Inactive
273,5972274,Active
274,2423353,Active
275,3606829,Inactive
276,3417593,Inactive
277,5556787,Active
278,1069531,Inactive
279,705951,Inactive
280,2564280,Inactive
281,2571709,Inactive
282,6086382,Active
283,5942970,Inactive
284,4884388,Inactive
285,2460154,Active
286,2471413,Inactive
287,2386027,Active
288,9551984,Inactive
289,4885033,Inactive
290,2452801,Inactive
291,6165705,Inactive
292,5347285,Active
293,4877095,Active
294,3789195,Active
295,2409986,Active
296,798022,Active
297,4831254,Inactive
298,2055076,Inactive
299,2086319,Inactive
300,3250639,Inactive
301,3075844,Inactive
302,7309015,Inactive
303,998879,Inactive
304,5832237,Inactive
305,979677,Inactive
306,1011983,Active
307,1741763,Inactive
308,6032129,Inactive
309,6284238,Active
310,998685,Active
311,11948845,Inactive
312,6260079,Inactive
313,901979,Inactive
314,1741764,Inactive
315,6874414,Inactive
316,979681,Active
317,4097588,Inactive
318,5895840,Inactive
319,930575,Inactive
320,1400,Active
321,1489036,Inactive
322,4878,Active
323,1489656,Active
324,11957301,Inactive
325,638439,Active
326,1470913,Inactive
327,1474463,Active
328,1482680,Inactive
329,3798960,Inactive
330,1474461,Active
331,1474464,Active
332,1474465,Active
333,1489051,Active
334,1489050,Inactive
335,826461,Active
336,1042545,Inactive
337,2831153,Inactive
338,3093457,Inactive
339,6011199,Inactive
340,7285210,Inactive
341,1224762,Active
342,2874907,Active
343,3216694,Active
344,5760298,Active
345,3216690,Active
346,1072709,Active
347,11958738,Active
348,2983339,Inactive
349,10363146,Active
350,1143231,Active
351,6418635,Active
352,1479653,Inactive
353,4252590,Inactive
354,1489267,Active
355,3734285,Inactive
356,1482682,Inactive
357,6418891,Inactive
358,6404513,Inactive
359,11958802,Inactive
360,6404509,Inactive
361,1475980,Inactive
362,2767048,Active
363,3132120,Active
364,2765870,Active
365,9567047,Inactive
366,2295300,Inactive
367,2238214,Active
368,1341811,Active
369,707664,Active
370,1322118,Active
371,2860033,Active
372,1274512,Active
373,1274511,Active
374,5336432,Active
375,2262197,Active
376,2864614,Inactive
377,5721593,Active
378,5339344,Active
379,5717736,Inactive
380,1380035,Inactive
381,680707,Inactive
382,5734356,Inactive
383,5339342,Active
384,2973564,Active
385,5721594,Active
386,1040545,Inactive
387,2200235,Active
388,9567230,Inactive
389,5737516,Active
390,2205293,Active
391,5726165,Inactive
392,885550,Inactive
393,887759,Inactive
394,1224224,Inactive
395,2866858,Inactive
396,162076,Inactive
397,2296200,Inactive
398,2790768,Inactive
399,2277493,Inactive
400,1922813,Active
401,9586311,Inactive
402,2275069,Active
403,1913126,Inactive
404,2967148,Inactive
405,5710160,Active
406,2962400,Inactive
407,11979277,Active
408,996076,Active
409,1422298,Inactive
410,2894929,Inactive
411,2898120,Inactive
412,2235477,Inactive
413,1619219,Inactive
414,5720071,Active
415,5720078,Active
416,2196572,Active
417,5730500,Inactive
418,805875,Active
419,5346526,Inactive
420,1330547,Active
421,1193255,Inactive
422,2195947,Active
423,1249317,Active
424,5738109,Active
425,896591,Inactive
426,2210633,Active
427,2957586,Inactive
428,1307514,Inactive
429,2940152,Active
430,2931173,Inactive
431,1920377,Inactive
432,5770973,Inactive
433,9564324,Inactive
434,5921555,Active
435,5806576,Active
436,6374709,Active
437,749289,Active
438,3093461,Inactive
439,12004512,Active
440,12004519,Active
441,72699,Active
442,12004530,Inactive
443,4673185,Active
444,9633427,Active
445,2941406,Inactive
446,12004580,Active
447,3207345,Inactive
448,72813,Active
449,5405091,Active
450,3829283,Active
451,640180,Inactive
452,9642058,Active
453,1333327,Inactive
454,9587530,Inactive
455,883460,Active
456,5331678,Active
457,5338376,Active
458,3115023,Active
459,2826864,Inactive
460,692729,Active
461,3125929,Inactive
462,5719932,Active
463,3090522,Inactive
464,776240,Active
465,5719372,Inactive
466,3134137,Active
467,1349589,Active
468,848023,Active
469,5760485,Inactive
470,705717,Inactive
471,2918019,Inactive
472,1124686,Active
473,843346,Active
474,1909653,Inactive
475,1080347,Active
476,5335764,Inactive
477,684448,Active
478,4086569,Inactive
479,12004871,Inactive
480,3689411,Active
481,3689415,Active
482,4381127,Active
483,12004957,Inactive
484,3689416,Active
485,4068204,Inactive
486,12005002,Inactive
487,4330749,Inactive
488,4279449,Active
489,12005206,Active
490,12005252,Inactive
491,12005273,Active
492,9657888,Active
493,12005312,Active
494,12005313,Active
495,12005314,Active
496,620459,Active
497,5505332,Active
498,5516000,Active
499,1393528,Active
500,1238357,Active
501,3759801,Active
502,4265814,Active
503,12005596,Inactive
504,728292,Inactive
505,54684446,Inactive
506,12005636,Inactive
507,12005637,Inactive
508,12005640,Active
509,12005647,Inactive
510,2040656,Active
511,1883622,Inactive
512,16410920,Inactive
513,931189,Active
514,9633449,Inactive
515,3715215,Active
516,3723106,Inactive
517,3596513,Active
518,6510725,Active
519,3562364,Active
520,12005837,Active
521,2134372,Inactive
522,12005923,Inactive
523,5894042,Inactive
524,6031825,Active
525,5809532,Inactive
526,12006093,Active
527,2151869,Active
528,6378950,Active
529,2156570,Inactive
530,12006167,Inactive
531,7515081,Active
532,3499691,Inactive
533,2359654,Active
534,6122140,Inactive
535,6022215,Active
536,6265504,Active
537,6050449,Inactive
538,3933628,Inactive
539,2088283,Inactive
540,4961648,Inactive
541,1210565,Inactive
542,5015783,Inactive
543,3313214,Active
544,3885032,Inactive
545,5203568,Inactive
546,7110055,Active
547,1189431,Inactive
548,2420694,Active
549,6866727,Inactive
550,9633858,Active
551,900425,Inactive
552,4841408,Inactive
553,7110073,Active
554,4841619,Inactive
555,2735302,Active
556,6526832,Active
557,2426234,Active
558,2585205,Active
559,15944939,Active
560,2585073,Inactive
561,843208,Active
562,1335691,Active
563,9564843,Active
564,9565797,Inactive
565,5735866,Inactive
566,1312086,Inactive
567,9586485,Inactive
568,15944971,Active
569,4295083,Inactive
570,9678325,Active
571,851249,Active
572,2832262,Active
573,6072045,Inactive
574,6293266,Inactive
575,11644907,Active
576,2086256,Active
577,4355162,Active
578,2688721,Active
579,2084702,Active
580,3926691,Active
581,3563955,Active
582,2585250,Inactive
583,9671114,Active
584,3973468,Inactive
585,2426240,Active
586,5238107,Inactive
587,3865136,Inactive
588,2407942,Inactive
589,2387558,Active
590,6279050,Inactive
591,2462422,Active
592,2388850,Active
593,15945204,Inactive
594,2098526,Active
595,2127869,Inactive
596,2121469,Inactive
597,2350847,Active
598,5986909,Active
599,2405965,Inactive
600,2402238,Active
601,2092894,Inactive
602,2439209,Active
603,6262747,Active
604,2585229,Inactive
605,4961662,Inactive
606,5873904,Inactive
607,5983846,Active
608,2522066,Inactive
609,904031,Active
610,2585197,Active
611,6214326,Active
612,6214317,Inactive
613,1219922,Inactive
614,3535755,Inactive
615,4354817,Active
616,5184800,Active
617,6377798,Active
618,2405293,Active
619,6014681,Inactive
620,6026627,Active
621,6155640,Inactive
622,15945333,Inactive
623,2404975,Inactive
624,4136214,Active
625,2404972,Active
626,9684123,Inactive
627,4214093,Inactive
628,6217526,Active
629,9640836,Inactive
630,6214318,Inactive
631,15945382,Active
632,9605662,Active
633,8100181,Inactive
634,15945389,Inactive
635,9631088,Active
636,9657585,Active
637,8259799,Active
638,9626868,Active
639,15945494,Active
640,6619702,Active
641,15945542,Active
642,15945544,Active
643,1519056,Active
644,15945552,Active
645,15945553,Active
646,850484,Active
647,1734089,Active
648,786063,Active
649,1214472,Inactive
650,843285,Active
651,5049706,Active
652,4170685,Active
653,985526,Active
654,902188,Inactive
655,107346,Inactive
656,1764318,Active
657,4247523,Active
658,1811924,Active
659,6263696,Active
660,902491,Active
661,993327,Active
662,1589551,Active
663,3319616,Active
664,4592654,Active
665,1589547,Active
666,803124,Active
667,883348,Active
668,2247934,Active
669,2245813,Active
670,839470,Active
671,2790774,Inactive
672,3247132,Active
673,1149318,Inactive
674,2115186,Inactive
675,2357903,Inactive
676,6869113,Inactive
677,16187389,Active
678,5339225,Inactive
679,793586,Active
680,1097565,Inactive
681,5346271,Active
682,5770966,Active
683,5770961,Active
684,3574667,Inactive
685,16187443,Inactive
686,9653493,Active
687,2370513,Active
688,9638721,Active
689,1936948,Inactive
690,3554511,Active
691,1090196,Active
692,6903352,Inactive
693,16008294,Active
694,16188009,Active
695,839498,Active
696,16188304,Active
697,4521686,Inactive
698,3127906,Active
699,5770968,Active
700,1048482,Inactive
701,16188750,Inactive
702,2189877,Active
703,16188851,Active
704,487737,Active
705,2987363,Active
706,16189172,Inactive
707,2269538,Active
708,673346,Active
709,1088361,Active
710,2962914,Inactive
711,7191270,Active
712,1548765,Inactive
713,4252324,Active
714,16189324,Inactive
715,5729167,Inactive
716,5347090,Inactive
717,16189420,Active
718,1082997,Inactive
719,753352,Active
720,5770965,Active
721,5770964,Active
722,5770963,Active
723,5770958,Active
724,789893,Active
725,1745803,Active
726,3230027,Inactive
727,5731104,Inactive
728,1080132,Active
729,991251,Active
730,892451,Active
731,1223083,Inactive
732,1826779,Inactive
733,3271558,Inactive
734,6054788,Inactive
735,5738596,Active
736,2106580,Active
737,5857541,Inactive
738,6464588,Inactive
739,906456,Active
740,907197,Active
741,2927039,Inactive
742,2220183,Inactive
743,1189521,Active
744,1254472,Active
745,885297,Active
746,2930974,Active
747,5350830,Active
748,2196926,Active
749,1511023,Active
750,2968856,Inactive
751,1509135,Active
752,2969869,Inactive
753,888424,Active
754,1291084,Active
755,2980954,Active
756,971765,Active
757,2957574,Inactive
758,900837,Active
759,16192357,Active
760,5338360,Active
761,3182835,Inactive
762,971004,Active
763,2858900,Inactive
764,1090735,Active
765,3114950,Inactive
766,725903,Active
767,617341,Inactive
768,1082777,Inactive
769,3216691,Active
770,2055896,Active
771,798396,Active
772,16192618,Inactive
773,3161520,Inactive
774,3232131,Inactive
775,1433876,Active
776,1925285,Inactive
777,1432812,Active
778,701939,Active
779,2905495,Active
780,800048,Active
781,1087128,Active
782,3155287,Active
783,2928916,Active
784,16192713,Inactive
785,5759184,Active
786,1082752,Inactive
787,512832,Inactive
788,9591202,Inactive
789,1916008,Inactive
790,3808958,Inactive
791,3157647,Inactive
792,3219869,Active
793,3110915,Active
794,1088432,Active
795,1135870,Inactive
796,5735198,Active
797,889599,Active
798,5662106,Active
799,1828296,Active
800,798238,Inactive
801,3161521,Active
802,3161426,Active
803,2829042,Inactive
804,837046,Inactive
805,2202307,Active
806,2892697,Inactive
807,3154698,Active
808,700561,Active
809,684128,Active
810,1358228,Inactive
811,3294297,Active
812,2873368,Inactive
813,584851,Inactive
814,16193300,Inactive
815,16193374,Inactive
816,3281234,Inactive
817,5210284,Inactive
818,263261,Active
819,16193626,Inactive
820,16193680,Active
821,6618865,Active
822,6861939,Inactive
823,2144809,Inactive
824,16194072,Inactive
825,16194224,Inactive
826,3707695,Inactive
827,6002117,Inactive
828,1507407,Active
829,4571217,Active
830,16194784,Inactive
831,7113449,Active
832,5889252,Active
833,3422062,Inactive
834,4326676,Inactive
835,3128197,Active
836,4296505,Active
837,3159246,Inactive
838,2768758,Inactive
839,3509505,Active
840,1123597,Active
841,1487013,Active
842,1474911,Active
843,2859351,Inactive
844,16195070,Inactive
845,2766549,Inactive
846,5821715,Active
847,3143422,Inactive
848,1471842,Active
849,203396,Active
850,1479791,Active
851,1518867,Active
852,16195138,Inactive
853,2769258,Active
854,5904335,Inactive
855,1479266,Inactive
856,2960739,Inactive
857,252608,Active
858,1487485,Active
859,9580204,Active
860,686860,Active
861,3767571,Active
862,1479848,Inactive
863,1479777,Active
864,1487467,Inactive
865,4263090,Active
866,3744539,Active
867,1157635,Active
868,5765586,Inactive
869,6619798,Inactive
870,16008920,Inactive
871,1271299,Active
872,15996839,Active
873,1562623,Active
874,6604199,Active
875,2155952,Inactive
876,1482206,Active
877,2767852,Active
878,2121567,Active
879,2430298,Active
880,4355998,Active
881,2330223,Active
882,727588,Active
883,3432739,Active
884,3350604,Inactive
885,2097287,Inactive
886,16192954,Inactive
887,2402478,Inactive
888,4667854,Active
889,2442307,Active
890,6142161,Inactive
891,1550029,Inactive
892,2407399,Active
893,2405263,Inactive
894,2404824,Active
895,2126292,Inactive
896,2378176,Inactive
897,4779986,Active
898,6533395,Active
899,2314694,Inactive
900,4546489,Active
901,4019447,Active
902,5009750,Active
903,575337,Inactive
904,2418645,Active
905,2583105,Active
906,9641610,Active
907,2412845,Active
908,16196279,Active
909,2530952,Active
910,3898560,Active
911,4005536,Inactive
912,2096694,Active
913,2401486,Active
914,2444453,Active
915,3920849,Inactive
916,4409404,Active
917,3903461,Active
918,2118097,Inactive
919,5681738,Inactive
920,4840549,Inactive
921,6362905,Active
922,2346972,Inactive
923,123191,Inactive
924,4882879,Inactive
925,2467100,Active
926,2542040,Active
927,2330514,Inactive
928,16238800,Active
929,2087586,Active
930,4882569,Active
931,776458,Inactive
932,3276705,Active
933,2794916,Active
934,1070198,Inactive
935,2309197,Inactive
936,3331464,Inactive
937,2368571,Inactive
938,16238025,Active
939,2460667,Inactive
940,603962,Inactive
941,3280153,Active
942,9610413,Active
943,304835,Active
944,9606680,Active
945,3242882,Active
946,4840582,Inactive
947,2585144,Inactive
948,3960591,Active
949,4035194,Active
950,9565756,Inactive
951,4301144,Inactive
952,4879810,Inactive
953,5390024,Inactive
954,667214,Inactive
955,14286542,Active
956,5008348,Inactive
957,2084700,Active
958,6893970,Inactive
959,4079689,Inactive
960,4793924,Active
961,2470212,Inactive
962,2690573,Inactive
963,1277376,Active
964,16681765,Active
965,16460826,Active
966,5852959,Active
967,1901217,Active
968,6861088,Active
969,3734233,Active
970,7584226,Active
971,3416312,Active
972,5898134,Active
973,1208078,Active
974,5396547,Inactive
975,1829082,Inactive
976,16682136,Active
977,6902747,Active
978,1923497,Inactive
979,1392207,Inactive
980,2017227,Active
981,818739,Active
982,3664264,Inactive
983,3995011,Inactive
984,1862923,Active
985,1394220,Inactive
986,930984,Active
987,848267,Active
988,3465001,Inactive
989,236331,Inactive
990,31316,Active
991,231625,Inactive
992,277385,Active
993,16682409,Inactive
994,5382674,Active
995,301935,Inactive
996,67133,Active
997,5367161,Inactive
998,328774,Inactive
999,328144,Inactive
1000,1867183,Active
1001,5773323,Active
1002,238775,Active
1003,5392060,Active
1004,3580213,Inactive
1005,68094,Inactive
1006,244677,Inactive
1007,4261343,Inactive
1008,339701,Inactive
1009,891188,Inactive
1010,647878,Active
1011,2952899,Active
1012,1083014,Inactive
1013,992286,Active
1014,586918,Inactive
1015,16682602,Inactive
1016,2139897,Inactive
1017,6149177,Inactive
1018,6883299,Active
1019,1883477,Active
1020,5337862,Inactive
1021,9636219,Active
1022,919235,Active
1023,9660957,Active
1024,5308495,Active
1025,16745397,Active
1026,14314897,Active
1027,15571694,Active
1028,16745506,Inactive
1029,56642940,Active
1030,56642958,Active
1031,16745538,Active
1032,5720647,Active
1033,2156102,Inactive
1034,2815170,Active
1035,2818993,Inactive
1036,5713202,Active
1037,2815177,Active
1038,2815176,Active
1039,2815175,Active
1040,2819095,Active
1041,2801235,Active
1042,2801236,Active
1043,2814271,Inactive
1044,9580624,Active
1045,9583469,Active
1046,2803479,Active
1047,9583470,Active
1048,2806346,Active
1049,9580773,Inactive
1050,2745313,Inactive
1051,2745307,Active
1052,9583715,Active
1053,9583467,Active
1054,9583713,Inactive
1055,2809986,Inactive
1056,2732795,Active
1057,2814914,Active
1058,2809985,Inactive
1059,2819082,Active
1060,2799527,Inactive
1061,2815964,Active
1062,2732789,Inactive
1063,2732574,Active
1064,2808387,Inactive
1065,9582245,Active
1066,2814281,Active
1067,5919280,Active
1068,5713372,Inactive
1069,16746194,Inactive
1070,16746405,Inactive
1071,16746425,Inactive
1072,16746428,Inactive
1073,16746456,Inactive
1074,122737,Inactive
1075,6604176,Active
1076,9549171,Inactive
1077,480861,Inactive
1078,185848,Inactive
1079,2997963,Active
1080,16725261,Inactive
1081,8975,Active
1082,6245,Inactive
1083,4183496,Inactive
1084,1214500,Inactive
1085,6089213,Inactive
1086,5412959,Inactive
1087,2930948,Active
1088,832320,Active
1089,2775829,Inactive
1090,6533934,Active
1091,8142978,Active
1092,23723181,Inactive
1093,2259539,Inactive
1094,1293669,Inactive
1095,2972188,Active
1096,2868490,Active
1097,2201555,Active
1098,5337284,Inactive
1099,779863,Active
1100,677881,Inactive
1101,779573,Inactive
1102,2989697,Active
1103,2990902,Active
1104,2994355,Inactive
1105,776110,Active
1106,6461024,Active
1107,23724061,Active
1108,3089250,Inactive
1109,967677,Active
1110,6254652,Inactive
1111,9633426,Inactive
1112,2853283,Active
1113,23724268,Active
1114,2986526,Inactive
1115,2193280,Active
1116,3128208,Active
1117,310860,Active
1118,1167228,Active
1119,2900262,Active
1120,3090729,Inactive
1121,5303777,Active
1122,774024,Inactive
1123,5335965,Active
1124,803928,Active
1125,831190,Inactive
1126,24746808,Inactive
1127,1183382,Inactive
1128,724880,Active
1129,1132849,Active
1130,5719581,Active
1131,802111,Active
1132,5757916,Inactive
1133,3197480,Inactive
1134,1948833,Inactive
1135,1113672,Inactive
1136,718402,Active
1137,3145239,Inactive
1138,3120536,Inactive
1139,769669,Inactive
1140,1632909,Active
1141,776319,Inactive
1142,1088351,Active
1143,24747342,Active
1144,9668913,Inactive
1145,947879,Active
1146,1759886,Active
1147,1801772,Active
1148,3833990,Active
1149,24747494,Inactive
1150,24747581,Inactive
1151,874744,Inactive
1152,1759793,Inactive
1153,120053,Inactive
1154,24747642,Inactive
1155,1752837,Active
1156,1762313,Active
1157,1757603,Active
1158,944493,Active
1159,1756351,Active
1160,1399204,Active
1161,4970781,Inactive
1162,4974442,Inactive
1163,8016512,Active
1164,8070567,Inactive
1165,16396279,Inactive
1166,16403454,Inactive
1167,24747913,Active
1168,24747923,Active
1169,24747936,Active
1170,4869315,Inactive
1171,4168947,Inactive
1172,11022589,Active
1173,3751995,Active
1174,6237881,Active
1175,6227965,Inactive
1176,6228509,Active
1177,3317679,Active
1178,2767825,Active
1179,371687,Inactive
1180,1472329,Active
1181,23663976,Inactive
1182,1475120,Active
1183,1491276,Active
1184,1477595,Active
1185,5423405,Inactive
1186,801258,Inactive
1187,4872337,Inactive
1188,1506500,Active
1189,1504002,Active
1190,6243882,Active
1191,17578557,Inactive
1192,1383269,Active
1193,5350690,Active
1194,5303784,Inactive
1195,5334257,Active
1196,22330954,Inactive
1197,5350726,Inactive
1198,5731155,Active
1199,5350689,Active
1200,5342475,Inactive
1201,2894554,Inactive
1202,609289,Active
1203,3912197,Active
1204,580500,Inactive
1205,674819,Active
1206,5871258,Active
1207,2740652,Active
1208,2537297,Active
1209,5713277,Active
1210,2823045,Active
1211,2536883,Active
1212,9117011,Active
1213,3962490,Inactive
1214,4216259,Active
1215,16249515,Active
1216,9114254,Active
1217,2335552,Active
1218,200953,Active
1219,24761716,Active
1220,2081294,Active
1221,16241593,Inactive
1222,2460169,Active
1223,2302272,Active
1224,854968,Active
1225,2470333,Active
1226,2383728,Inactive
1227,3475954,Active
1228,3629945,Inactive
1229,2343817,Active
1230,7422381,Active
1231,7422385,Active
1232,4868361,Active
1233,6904795,Inactive
1234,2351439,Active
1235,2583738,Active
1236,5739396,Inactive
1237,24761855,Inactive
1238,6223681,Active
1239,6473228,Inactive
1240,6875503,Inactive
1241,1490583,Active
1242,24762079,Inactive
1243,5859530,Active
1244,6918369,Inactive
1245,4124516,Inactive
1246,3577588,Inactive
1247,4917203,Inactive
1248,16022921,Active
1249,20920343,Inactive
1250,16022946,Inactive
1251,5075630,Inactive
1252,16022948,Inactive
1253,20968585,Inactive
1254,20959060,Inactive
1255,20959061,Inactive
1256,20959087,Inactive
1257,24791057,Active
1258,24791420,Inactive
1259,16012865,Active
1260,16436607,Active
1261,16436605,Active
1262,16012896,Active
1263,16453495,Active
1264,16446684,Active
1265,16014341,Active
1266,16447161,Active
1267,16446370,Active
1268,16446093,Active
1269,16446369,Active
1270,16452961,Inactive
1271,16447014,Inactive
1272,16014472,Active
1273,16014204,Active
1274,16446399,Active
1275,16446868,Inactive
1276,16014490,Active
1277,16447002,Inactive
1278,16446993,Active
1279,16446092,Active
1280,16446988,Active
1281,16022986,Inactive
1282,16023006,Active
1283,16023140,Inactive
1284,16808745,Inactive
1285,973504,Active
1286,1991339,Active
1287,3177673,Inactive
1288,829962,Active
1289,1452801,Active
1290,2943399,Inactive
1291,3164003,Inactive
1292,3161446,Active
1293,161167,Active
1294,615872,Active
1295,3161478,Active
1296,3225712,Inactive
1297,1104205,Inactive
1298,9566902,Active
1299,18204049,Active
1300,24792594,Inactive
1301,1077343,Inactive
1302,3500511,Inactive
1303,20920345,Inactive
1304,16022923,Inactive
1305,24792817,Active
1306,24792840,Inactive
1307,16437205,Active
1308,16446371,Active
1309,16453202,Active
1310,16014208,Active
1311,16014337,Active
1312,16446305,Inactive
1313,16452489,Active
1314,16447016,Inactive
1315,16808857,Inactive
1316,1086028,Inactive
1317,1256424,Active
1318,7409168,Active
1319,24793491,Inactive
1320,4602964,Inactive
1321,5075478,Active
1322,16446380,Active
1323,16452954,Active
1324,16014363,Inactive
1325,23605826,Active
1326,20920428,Active
1327,2971874,Inactive
1328,2985637,Inactive
1329,802651,Active
1330,1286643,Active
1331,2214004,Inactive
1332,8271986,Active
1333,6351467,Active
1334,3265869,Inactive
1335,1225752,Active
1336,8272034,Active
1337,7560383,Active
1338,1952616,Inactive
1339,18277263,Inactive
1340,17578497,Active
1341,4968104,Active
1342,19654240,Inactive
1343,1792233,Inactive
1344,17578251,Active
1345,840359,Inactive
1346,6902142,Active
1347,16547660,Active
1348,25237178,Active
1349,24819824,Inactive
1350,25237201,Active
1351,6875173,Active
1352,6351343,Active
1353,1759638,Active
1354,24856233,Active
1355,24856284,Inactive
1356,16806362,Active
1357,959117,Active
1358,24891917,Active
1359,16829858,Inactive
1360,24892073,Inactive
1361,24892075,Inactive
1362,24892079,Inactive
1363,18574340,Inactive
1364,24892208,Inactive
1365,24892247,Inactive
1366,5905739,Active
1367,5894133,Active
1368,5916626,Active
1369,9550329,Active
1370,54718137,Inactive
1371,16806361,Active
1372,1518980,Active
1373,24892559,Inactive
1374,24892573,Inactive
1375,24892587,Inactive
1376,24892604,Active
1377,24892626,Active
1378,4230544,Inactive
1379,7524119,Inactive
1380,16300473,Inactive
1381,24979352,Inactive
1382,24979598,Inactive
1383,24687430,Inactive
1384,24979905,Inactive
1385,24980515,Inactive
1386,2538553,Active
1387,2998676,Active
1388,991372,Active
1389,7560574,Active
1390,31280,Active
1391,1316704,Inactive
1392,2540894,Active
1393,24686699,Inactive
1394,24982469,Active
1395,24982674,Inactive
1396,24686822,Inactive
1397,18274125,Active
1398,2724385,Inactive
1399,5405,Inactive
1400,4993,Inactive
1401,25102425,Active
1402,11957513,Inactive
1403,662071,Active
1404,658723,Inactive
1405,446849,Active
1406,4369270,Inactive
1407,15478,Inactive
1408,6185,Inactive
1409,23679527,Inactive
1410,5359389,Inactive
1411,5474706,Inactive
1412,9828429,Active
1413,23618032,Active
1414,25102597,Inactive
1415,5287620,Active
1416,6603792,Active
1417,637858,Active
1418,6852401,Inactive
1419,11972533,Active
1420,6906481,Inactive
1421,16302071,Inactive
1422,25161455,Active
1423,25161941,Active
1424,7560363,Active
1425,8271970,Active
1426,5100,Active
1427,4793744,Active
1428,2482686,Inactive
1429,4011720,Inactive
1430,2689734,Inactive
1431,3916178,Active
1432,2701065,Inactive
1433,6524335,Active
1434,8195301,Active
1435,5161265,Active
1436,8271924,Active
1437,16326659,Inactive
1438,2647474,Inactive
1439,16274786,Active
1440,6211246,Inactive
1441,42601261,Inactive
1442,42628219,Inactive
1443,42628600,Inactive
1444,44142130,Active
1445,26471808,Active
1446,44142131,Active
1447,44142132,Active
1448,44142133,Active
1449,44142134,Active
1450,44142135,Inactive
1451,44142136,Active
1452,31055126,Active
1453,44142137,Inactive
1454,9266740,Active
1455,44142138,Active
1456,44142139,Active
1457,44142140,Inactive
1458,44142141,Inactive
1459,44142143,Active
1460,44142144,Active
1461,44142145,Inactive
1462,44142146,Active
1463,44142148,Inactive
1464,44142149,Active
1465,44142150,Active
1466,44142175,Active
1467,44142177,Active
1468,44142180,Inactive
1469,44142181,Inactive
1470,44142259,Inactive
1471,11208732,Active
1472,781660,Active
1473,44144282,Active
1474,24011657,Active
1475,24896921,Active
1476,5035506,Active
1477,2548574,Active
1478,16288911,Active
1479,9454677,Active
1480,2412928,Inactive
1481,44201984,Inactive
1482,44202097,Inactive
1483,44202126,Active
1484,44202272,Inactive
1485,2397406,Active
1486,2442506,Active
1487,4471967,Active
1488,4831804,Inactive
1489,4880035,Inactive
1490,2550378,Active
1491,2318546,Active
1492,2361547,Active
1493,2409541,Inactive
1494,16247248,Inactive
1495,6603104,Inactive
1496,2930286,Inactive
1497,5336094,Active
1498,1608349,Inactive
1499,44263724,Inactive
1500,234636,Active
1501,236063,Inactive
1502,236065,Inactive
1503,2585042,Active
1504,236584,Inactive
1505,105671,Active
1506,239578,Active
1507,44601668,Active
1508,44601682,Inactive
1509,44601686,Inactive
1510,2353606,Active
1511,4094710,Inactive
1512,5767688,Active
1513,5736224,Inactive
1514,5307346,Active
1515,3236720,Active
1516,6616230,Active
1517,6618799,Inactive
1518,3689413,Active
1519,9550611,Active
1520,1259370,Active
1521,9550553,Inactive
1522,3237441,Active
1523,1263400,Inactive
1524,660118,Inactive
1525,44601915,Inactive
1526,660289,Inactive
1527,3732364,Inactive
1528,663900,Inactive
1529,657717,Inactive
1530,44602155,Active
1531,11957214,Active
1532,11957207,Active
1533,83156,Active
1534,2371253,Inactive
1535,44825354,Active
1536,2998271,Active
1537,234165,Inactive
1538,22694,Inactive
1539,5057111,Active
1540,257243,Inactive
1541,18990,Active
1542,260168,Active
1543,242048,Inactive
1544,243756,Active
1545,245097,Inactive
1546,247352,Inactive
1547,97976,Inactive
1548,2725195,Inactive
1549,252247,Active
1550,122723,Inactive
1551,44825857,Active
1552,44825858,Active
1553,44825859,Active
1554,44825950,Active
1555,434610,Inactive
1556,364428,Active
1557,4331266,Active
1558,54683835,Active
1559,336424,Active
1560,3826744,Inactive
1561,4024368,Inactive
1562,104830,Active
1563,430508,Active
1564,529495,Active
1565,5370239,Active
1566,310900,Active
1567,312145,Active
1568,619061,Active
1569,45280820,Active
1570,430232,Active
1571,181390,Active
1572,45280821,Active
1573,433350,Active
1574,45280963,Inactive
1575,45280966,Inactive
1576,376034,Active
1577,179617,Active
1578,436058,Active
1579,436063,Inactive
1580,274159,Inactive
1581,3826912,Active
1582,3795051,Active
1583,327536,Active
1584,330164,Inactive
1585,609635,Active
1586,336482,Active
1587,45280983,Active
1588,6302331,Active
1589,264884,Inactive
1590,341502,Active
1591,52167,Active
1592,5303,Inactive
1593,268993,Inactive
1594,29893,Inactive
1595,421494,Inactive
1596,299645,Active
1597,299925,Active
1598,308437,Active
1599,6711209,Active
1600,156816,Active
1601,5468033,Active
1602,5935594,Active
1603,381511,Active
1604,381514,Active
1605,3005039,Inactive
1606,3005734,Inactive
1607,496025,Active
1608,3005295,Active
1609,392081,Inactive
1610,396733,Active
1611,5470811,Active
1612,400634,Active
1613,268760,Active
1614,268761,Active
1615,268762,Active
1616,5473208,Active
1617,24202844,Active
1618,262537,Active
1619,5351409,Inactive
1620,6516823,Inactive
1621,5386939,Active
1622,360443,Active
1623,383939,Inactive
1624,384400,Inactive
1625,386355,Inactive
1626,386511,Inactive
1627,10368043,Inactive
1628,45281167,Active
1629,392762,Active
1630,393608,Inactive
1631,2199,Active
1632,257275,Inactive
1633,45479888,Inactive
1634,4749,Inactive
1635,263454,Active
1636,495575,Active
1637,6079422,Active
1638,274941,Inactive
1639,279271,Inactive
1640,45480037,Inactive
1641,46902089,Active
1642,46902090,Active
1643,46902102,Inactive
1644,3321199,Active
1645,235262,Active
1646,5140086,Active
1647,3458,Active
1648,279787,Inactive
1649,282082,Active
1650,2361,Active
1651,140230,Active
1652,285027,Inactive
1653,73427,Active
1654,295538,Active
1655,46902349,Inactive
1656,46902457,Active
1657,46902471,Active
1658,46902726,Inactive
1659,46902913,Inactive
1660,46902919,Inactive
1661,46903212,Active
1662,46903213,Active
1663,46903214,Active
1664,46903215,Active
1665,46903217,Active
1666,46903219,Active
1667,288561,Active
1668,288760,Active
1669,303610,Active
1670,46903697,Inactive
1671,46904309,Inactive
1672,46904815,Inactive
1673,313562,Active
1674,3576890,Active
1675,3000575,Inactive
1676,328054,Inactive
1677,328780,Inactive
1678,329304,Active
1679,46942460,Inactive
1680,46942580,Inactive
1681,46942741,Inactive
1682,16301227,Inactive
1683,46943123,Inactive
1684,46943660,Active
1685,46943929,Inactive
1686,46944084,Inactive
1687,1348232,Active
1688,46948179,Active
1689,46948266,Inactive
1690,46948520,Inactive
1691,46948586,Inactive
1692,4061190,Active
1693,44825280,Active
1694,44640136,Active
1695,44640137,Inactive
1696,49778438,Inactive
1697,49786205,Inactive
1698,16314235,Active
1699,49786708,Inactive
1700,49786742,Inactive
1701,49786763,Active
1702,49786838,Inactive
1703,49786903,Inactive
1704,49789126,Inactive
1705,20968099,Active
1706,49789464,Active
1707,49789998,Inactive
1708,49790107,Inactive
1709,5908718,Inactive
1710,49790429,Inactive
1711,5804902,Inactive
1712,49791133,Inactive
1713,49791136,Inactive
1714,49791368,Inactive
1715,2270141,Active
1716,2426236,Active
1717,49792347,Active
1718,721101,Active
1719,1089417,Active
1720,49795706,Active
1721,334410,Inactive
1722,334421,Inactive
1723,342544,Inactive
1724,347193,Inactive
1725,51360344,Inactive
1726,51360493,Inactive
1727,10032587,Active
1728,51360614,Inactive
1729,367064,Active
1730,51361436,Active
1731,51361446,Active
1732,101486,Active
1733,367339,Inactive
1734,367978,Active
1735,262540,Inactive
1736,367095,Inactive
1737,367330,Inactive
1738,99844,Active
1739,53300375,Inactive
1740,53301245,Active
1741,53301247,Active
1742,53301248,Active
1743,53301252,Active
1744,53301253,Active
1745,53301254,Active
1746,53301258,Active
1747,53301262,Active
1748,53301264,Active
1749,53301265,Active
1750,53301266,Active
1751,53301275,Active
1752,53301277,Active
1753,53301442,Inactive
1754,53301480,Active
1755,53382822,Active
1756,53382961,Active
1757,53382992,Active
1758,53383004,Active
1759,53383178,Active
